sample_id,years_to_birth,pathologic_stage,pathology_T_stage,pathology_N_stage,pathology_M_stage,histological_type,number_of_lymph_nodes,gender,radiation_therapy,residual_tumor,race,ethnicity,overall_survival,status
TCGA.BR.8677,74,stageiii,t3,n3,m0,"stomach,adenocarcinoma,nototherwisespecified(nos)",8,female,no,r0,white,nothispanicorlatino, 813, 0
TCGA.D7.8576,54,stageiii,t3,n3,m0,"stomach,intestinaladenocarcinoma,tubulartype",15,female,no,r0,white,nothispanicorlatino, 446, 1
TCGA.BR.8484,61,stageiii,t4,n1,m0,"stomach,adenocarcinoma,nototherwisespecified(nos)",2,male,no,r0,white,nothispanicorlatino, 766, 1
TCGA.D7.A4YT,56,stageiii,t2,n3,m0,"stomach,intestinaladenocarcinoma,tubulartype",14,male,no,r0,white,nothispanicorlatino, 434, 0
TCGA.BR.7703,81,stagei,t1,n0,m0,"stomach,intestinaladenocarcinoma,papillarytype",0,male,no,r0,white,nothispanicorlatino,1100, 0
TCGA.BR.8372,63,stageiii,t4,n3,m0,"stomach,adenocarcinoma,nototherwisespecified(nos)",8,male,no,r0,white,nothispanicorlatino, 951, 0
TCGA.RD.A8N2,59,stagei,t2,n0,m0,"stomach,adenocarcinoma,diffusetype",0,female,no,r0,white,nothispanicorlatino,3540, 0
TCGA.HU.8249,76,stageiii,t3,n2,m0,"stomach,intestinaladenocarcinoma,tubulartype",5,male,no,r0,asian,nothispanicorlatino, 881, 0
TCGA.BR.8361,71,stageiii,t4,n2,m0,"stomach,adenocarcinoma,nototherwisespecified(nos)",6,female,no,r0,white,nothispanicorlatino, 946, 0
TCGA.HU.A4GC,74,stageiii,t4,n2,m0,"stomach,adenocarcinoma,diffusetype",3,male,no,r0,asian,nothispanicorlatino,  99, 0
TCGA.HU.A4GF,69,stageii,t3,n0,m0,"stomach,intestinaladenocarcinoma,tubulartype",0,male,no,r0,asian,nothispanicorlatino, 785, 0
TCGA.HU.A4GH,75,stagei,t1,n0,m0,"stomach,intestinaladenocarcinoma,tubulartype",0,male,no,r0,asian,nothispanicorlatino, 358, 0
TCGA.BR.8690,54,stageiii,t3,n3,m0,"stomach,adenocarcinoma,nototherwisespecified(nos)",10,female,no,r0,white,nothispanicorlatino, 325, 0
TCGA.BR.6455,59,stageii,t3,n1,m0,"stomach,adenocarcinoma,nototherwisespecified(nos)",2,male,no,r0,white,nothispanicorlatino, 422, 1
TCGA.HU.A4G3,54,stageii,t2,n2,m0,"stomach,intestinaladenocarcinoma,tubulartype",5,male,no,r0,asian,nothispanicorlatino, 170, 0
TCGA.BR.8295,60,stageii,t4,n0,m0,"stomach,adenocarcinoma,nototherwisespecified(nos)",0,female,no,r0,white,nothispanicorlatino,  67, 1
TCGA.IN.A6RJ,64,stagei,t1,n0,m0,"stomach,adenocarcinoma,nototherwisespecified(nos)",0,male,no,r0,white,nothispanicorlatino, 379, 0
TCGA.RD.A7BW,68,stagei,t2,n0,m0,"stomach,adenocarcinoma,diffusetype",0,female,yes,r0,white,nothispanicorlatino, 156, 1
TCGA.FP.8209,49,stagei,t2,n0,m0,"stomach,adenocarcinoma,diffusetype",0,male,yes,r0,white,nothispanicorlatino,1811, 1
TCGA.IN.A7NR,64,stageiv,t3,n3,m1,"stomach,adenocarcinoma,nototherwisespecified(nos)",9,female,no,r0,white,nothispanicorlatino, 198, 0
TCGA.BR.6566,64,stageii,t3,n0,m0,"stomach,adenocarcinoma,nototherwisespecified(nos)",0,female,no,r0,white,nothispanicorlatino, 997, 0
TCGA.HU.A4H8,77,stagei,t1,n1,m0,"stomach,intestinaladenocarcinoma,tubulartype",1,male,no,r0,asian,nothispanicorlatino, 428, 0
TCGA.BR.A44U,70,stageiii,t3,n3,m0,"stomach,adenocarcinoma,nototherwisespecified(nos)",10,male,no,r0,white,nothispanicorlatino, 422, 1
TCGA.IN.8663,68,stageii,t2,n2,m0,"stomach,adenocarcinoma,nototherwisespecified(nos)",9,male,no,r0,white,nothispanicorlatino, 103, 1
TCGA.BR.8291,61,stageii,t3,n1,m0,"stomach,adenocarcinoma,diffusetype",1,male,no,r0,white,nothispanicorlatino, 607, 1
TCGA.D7.6820,64,stageii,t2,n1,m0,"stomach,intestinaladenocarcinoma,tubulartype",5,male,no,r0,white,nothispanicorlatino, 344, 0
TCGA.D7.8570,44,stageiii,t3,n3,m0,"stomach,intestinaladenocarcinoma,tubulartype",13,male,no,r0,white,nothispanicorlatino, 752, 0
TCGA.RD.A8N1,70,stageiii,t3,n2,m0,"stomach,adenocarcinoma,diffusetype",10,male,yes,r1,white,nothispanicorlatino,3519, 0
TCGA.BR.6802,65,stageiii,t3,n2,m0,"stomach,adenocarcinoma,nototherwisespecified(nos)",3,male,no,r0,white,nothispanicorlatino, 940, 0
TCGA.IN.AB1X,78,stageii,t3,n0,m0,"stomach,adenocarcinoma,nototherwisespecified(nos)",0,female,no,r0,white,nothispanicorlatino, 411, 0
TCGA.IN.A7NT,73,stageii,t3,n1,m0,"stomach,adenocarcinoma,nototherwisespecified(nos)",1,female,no,r0,white,nothispanicorlatino, 323, 0
TCGA.BR.7196,64,stageiv,t3,n3,m1,"stomach,adenocarcinoma,nototherwisespecified(nos)",11,male,no,r0,white,nothispanicorlatino, 666, 0
TCGA.CD.8535,59,stageiii,t3,n1,m0,"stomach,adenocarcinoma,nototherwisespecified(nos)",5,male,no,r0,asian,nothispanicorlatino, 390, 0
TCGA.HU.8244,77,stagei,t1,n0,m0,"stomach,intestinaladenocarcinoma,tubulartype",0,female,no,r0,asian,nothispanicorlatino, 742, 0
TCGA.BR.7716,62,stageii,t3,n1,m0,"stomach,adenocarcinoma,nototherwisespecified(nos)",1,female,no,r0,white,nothispanicorlatino,1210, 0
TCGA.BR.A453,51,stageiv,t4,n3,m1,"stomachadenocarcinoma,signetringtype",11,male,no,r0,asian,nothispanicorlatino, 185, 1
TCGA.D7.6525,58,stageiii,t2,n2,m0,"stomach,adenocarcinoma,diffusetype",6,male,no,r0,white,nothispanicorlatino, 406, 1
TCGA.BR.8487,64,stageii,t3,n0,m0,"stomach,adenocarcinoma,nototherwisespecified(nos)",0,female,no,r0,white,nothispanicorlatino,  34, 0
TCGA.BR.6453,54,stageii,t2,n1,m0,"stomach,adenocarcinoma,nototherwisespecified(nos)",1,male,no,r0,white,nothispanicorlatino, 485, 0
TCGA.BR.8485,68,stageiii,t4,n3,m0,"stomach,adenocarcinoma,nototherwisespecified(nos)",7,female,no,r0,white,nothispanicorlatino, 280, 0
TCGA.BR.8381,51,stageii,t3,n1,m0,"stomach,adenocarcinoma,nototherwisespecified(nos)",1,male,no,r0,white,nothispanicorlatino, 224, 0
TCGA.BR.8591,79,stageiii,t4,n3,m0,"stomach,adenocarcinoma,nototherwisespecified(nos)",14,male,no,r0,white,nothispanicorlatino, 856, 0
TCGA.RD.A8MV,56,stageiii,t3,n2,m0,"stomach,intestinaladenocarcinoma,nototherwisespecified(nos)",9,male,yes,r0,white,nothispanicorlatino,3720, 0
TCGA.D7.6526,67,stageiii,t3,n2,m0,"stomach,intestinaladenocarcinoma,tubulartype",3,female,no,r0,white,nothispanicorlatino, 523, 0
TCGA.D7.A6F0,79,stagei,t2,n0,m0,"stomach,intestinaladenocarcinoma,nototherwisespecified(nos)",0,female,no,r0,white,nothispanicorlatino, 678, 0
TCGA.B7.5816,51,stageii,t4,n0,m0,"stomach,adenocarcinoma,diffusetype",0,female,no,r0,white,nothispanicorlatino, 812, 0
TCGA.BR.6565,67,stageii,t4,n0,m0,"stomach,adenocarcinoma,nototherwisespecified(nos)",0,male,no,r0,white,nothispanicorlatino, 279, 1
TCGA.BR.7901,74,stageii,t3,n1,m0,"stomach,adenocarcinoma,nototherwisespecified(nos)",2,male,no,r0,white,nothispanicorlatino, 105, 1
TCGA.BR.6706,63,stageiii,t3,n1,m0,"stomach,adenocarcinoma,nototherwisespecified(nos)",5,male,no,r0,white,nothispanicorlatino, 549, 1
TCGA.BR.8368,84,stagei,t2,n0,m0,"stomach,adenocarcinoma,nototherwisespecified(nos)",0,female,no,r0,white,nothispanicorlatino, 131, 0
TCGA.BR.8382,67,stageiii,t4,n3,m0,"stomach,adenocarcinoma,nototherwisespecified(nos)",9,female,no,r0,white,nothispanicorlatino, 762, 1
TCGA.BR.A4QL,75,stageiii,t3,n3,m0,"stomach,adenocarcinoma,nototherwisespecified(nos)",9,female,no,r0,white,nothispanicorlatino, 491, 1
TCGA.D7.A6EX,72,stageiii,t3,n2,m0,"stomach,intestinaladenocarcinoma,tubulartype",4,female,no,r0,white,nothispanicorlatino, 344, 0
TCGA.BR.8589,56,stageiii,t4,n1,m0,"stomach,adenocarcinoma,nototherwisespecified(nos)",1,male,no,r0,white,nothispanicorlatino, 825, 0
TCGA.D7.8578,72,stagei,t2,n0,m0,"stomach,adenocarcinoma,nototherwisespecified(nos)",0,male,no,r0,white,nothispanicorlatino, 643, 0
TCGA.BR.6852,64,stageii,t3,n0,m0,"stomach,adenocarcinoma,nototherwisespecified(nos)",0,female,no,r0,white,nothispanicorlatino,1367, 0
TCGA.D7.A6EZ,66,stageiii,t3,n2,m0,"stomach,intestinaladenocarcinoma,nototherwisespecified(nos)",3,male,no,r0,white,nothispanicorlatino, 618, 1
TCGA.D7.A748,41,stageiv,t4,n3,m1,"stomach,adenocarcinoma,diffusetype",12,female,yes,r0,white,nothispanicorlatino, 132, 1
TCGA.BR.6803,54,stageii,t3,n0,m0,"stomach,adenocarcinoma,diffusetype",0,female,no,r0,white,nothispanicorlatino, 949, 0
TCGA.D7.A4YY,61,stageiii,t3,n3,m0,"stomach,adenocarcinoma,nototherwisespecified(nos)",7,male,yes,r0,white,nothispanicorlatino, 419, 0
TCGA.BR.8289,57,stageiv,t4,n3,m1,"stomach,intestinaladenocarcinoma,nototherwisespecified(nos)",11,male,no,r0,white,nothispanicorlatino,  81, 1
TCGA.IN.A6RN,72,stageii,t1,n2,m0,"stomach,adenocarcinoma,nototherwisespecified(nos)",9,female,no,r0,white,nothispanicorlatino, 594, 0
TCGA.D7.8573,57,stageii,t3,n0,m0,"stomach,intestinaladenocarcinoma,tubulartype",0,male,no,r0,white,nothispanicorlatino, 593, 0
TCGA.HU.A4HB,68,stageii,t2,n2,m0,"stomach,adenocarcinoma,diffusetype",5,male,no,r0,asian,nothispanicorlatino, 477, 1
TCGA.HU.A4GP,62,stageii,t2,n1,m0,"stomach,adenocarcinoma,diffusetype",2,female,no,r0,asian,nothispanicorlatino, 273, 0
TCGA.BR.A4IU,34,stageiii,t4,n1,m0,"stomach,adenocarcinoma,diffusetype",1,female,no,r0,asian,nothispanicorlatino, 838, 0
TCGA.RD.A8N9,63,stageii,t2,n1,m0,"stomach,adenocarcinoma,diffusetype",2,female,yes,r0,asian,nothispanicorlatino,1083, 0
TCGA.BR.6705,68,stageiii,t3,n3,m0,"stomach,adenocarcinoma,nototherwisespecified(nos)",9,female,no,r0,white,nothispanicorlatino, 779, 1
TCGA.BR.7722,62,stageii,t3,n1,m0,"stomach,adenocarcinoma,nototherwisespecified(nos)",5,male,no,r0,white,nothispanicorlatino, 466, 1
TCGA.BR.8080,72,stageiii,t4,n3,m0,"stomach,intestinaladenocarcinoma,mucinoustype",10,female,no,r0,white,nothispanicorlatino, 292, 1
TCGA.HU.A4H2,58,stageiii,t3,n3,m0,"stomach,intestinaladenocarcinoma,tubulartype",34,female,no,r0,asian,nothispanicorlatino, 394, 0
TCGA.D7.6822,77,stagei,t2,n0,m0,"stomach,intestinaladenocarcinoma,tubulartype",0,male,no,r0,white,nothispanicorlatino, 375, 0
TCGA.D7.A6EY,72,stageiii,t3,n3,m0,"stomach,intestinaladenocarcinoma,tubulartype",13,female,no,r0,white,nothispanicorlatino, 348, 1
TCGA.RD.A8N4,58,stageiii,t3,n1,m0,"stomach,adenocarcinoma,diffusetype",3,female,yes,r0,white,nothispanicorlatino,2171, 0
TCGA.D7.6815,70,stageii,t2,n2,m0,"stomach,intestinaladenocarcinoma,tubulartype",5,female,no,r0,white,nothispanicorlatino, 486, 0
TCGA.CD.8531,66,stageiii,t3,n1,m0,"stomach,adenocarcinoma,diffusetype",2,female,yes,r0,asian,nothispanicorlatino, 383, 0
TCGA.IN.A7NU,69,stageiii,t3,n3,m0,"stomach,adenocarcinoma,nototherwisespecified(nos)",12,male,no,r0,white,nothispanicorlatino, 356, 0
TCGA.BR.8373,65,stageiii,t4,n1,m0,"stomach,intestinaladenocarcinoma,nototherwisespecified(nos)",2,female,no,r0,white,nothispanicorlatino, 450, 0
TCGA.D7.8572,57,stageii,t2,n2,m0,"stomach,adenocarcinoma,nototherwisespecified(nos)",6,male,no,r0,white,nothispanicorlatino, 511, 0
TCGA.F1.6875,79,stagei,t2,n0,m0,"stomach,adenocarcinoma,nototherwisespecified(nos)",0,male,no,r0,blackorafricanamerican,nothispanicorlatino,2197, 1
TCGA.D7.6527,62,stageii,t2,n1,m0,"stomach,intestinaladenocarcinoma,papillarytype",1,male,yes,r0,white,nothispanicorlatino, 312, 1
TCGA.FP.A4BF,68,stageiii,t3,n2,m0,"stomachadenocarcinoma,signetringtype",5,male,no,r1,white,nothispanicorlatino, 168, 1
TCGA.HU.A4H4,53,stageii,t2,n2,m0,"stomach,intestinaladenocarcinoma,tubulartype",4,female,no,r0,asian,nothispanicorlatino, 725, 0
TCGA.BR.7704,69,stageii,t3,n0,m0,"stomach,intestinaladenocarcinoma,nototherwisespecified(nos)",0,female,no,r0,white,nothispanicorlatino,1072, 0
TCGA.RD.A7C1,82,stagei,t2,n0,m0,"stomach,adenocarcinoma,diffusetype",0,male,no,r0,white,nothispanicorlatino, 507, 1
TCGA.BR.8081,71,stageii,t4,n0,m0,"stomach,adenocarcinoma,nototherwisespecified(nos)",0,female,no,r0,white,nothispanicorlatino, 981, 0
TCGA.BR.8286,49,stageii,t3,n0,m0,"stomach,adenocarcinoma,nototherwisespecified(nos)",0,male,no,r0,white,nothispanicorlatino, 895, 0
TCGA.BR.A4IY,58,stageii,t4,n0,m0,"stomach,adenocarcinoma,nototherwisespecified(nos)",0,male,no,r0,asian,nothispanicorlatino, 392, 0
TCGA.FP.7829,69,stageii,t3,n1,m0,"stomach,intestinaladenocarcinoma,mucinoustype",2,male,yes,r0,white,nothispanicorlatino, 594, 0
TCGA.BR.8059,72,stageiii,t4,n1,m0,"stomach,intestinaladenocarcinoma,nototherwisespecified(nos)",1,male,no,r0,white,nothispanicorlatino, 439, 1
TCGA.BR.8592,63,stageiii,t4,n1,m0,"stomach,adenocarcinoma,diffusetype",1,female,no,r0,white,nothispanicorlatino, 191, 1
TCGA.BR.A4IV,47,stageiii,t4,n2,m0,"stomach,adenocarcinoma,diffusetype",3,male,no,r0,asian,nothispanicorlatino, 869, 1
TCGA.BR.A4J8,71,stageiii,t3,n3,m0,"stomach,adenocarcinoma,nototherwisespecified(nos)",12,female,no,r0,white,nothispanicorlatino, 411, 0
TCGA.BR.8683,75,stageiii,t4,n2,m0,"stomach,intestinaladenocarcinoma,tubulartype",3,male,no,r0,asian,nothispanicorlatino, 300, 1
TCGA.BR.8687,67,stageiii,t4,n2,m0,"stomach,adenocarcinoma,nototherwisespecified(nos)",5,female,no,r1,white,nothispanicorlatino, 250, 1
TCGA.BR.6801,70,stageii,t3,n0,m0,"stomach,adenocarcinoma,nototherwisespecified(nos)",0,male,no,r0,white,nothispanicorlatino,1223, 0
TCGA.IN.A6RR,84,stageiii,t3,n1,m0,"stomach,adenocarcinoma,nototherwisespecified(nos)",9,male,no,r0,white,nothispanicorlatino, 205, 1
TCGA.BR.6456,74,stageii,t3,n1,m0,"stomach,adenocarcinoma,nototherwisespecified(nos)",2,female,no,r0,white,nothispanicorlatino, 526, 1
TCGA.BR.8676,59,stageiii,t3,n3,m0,"stomach,intestinaladenocarcinoma,nototherwisespecified(nos)",10,male,no,r0,white,nothispanicorlatino, 229, 0
TCGA.RD.A7BS,46,stageiii,t3,n1,m0,"stomach,adenocarcinoma,diffusetype",5,male,yes,r0,white,nothispanicorlatino, 336, 1
TCGA.BR.8078,70,stageii,t4,n0,m0,"stomach,adenocarcinoma,nototherwisespecified(nos)",0,female,no,r0,white,nothispanicorlatino, 900, 0
TCGA.D7.8574,72,stageiii,t2,n3,m0,"stomach,adenocarcinoma,nototherwisespecified(nos)",13,male,no,r0,white,nothispanicorlatino, 523, 0
TCGA.HU.A4GD,56,stageii,t3,n1,m0,"stomach,intestinaladenocarcinoma,tubulartype",1,male,no,r0,asian,nothispanicorlatino, 692, 0
TCGA.BR.7707,69,stagei,t2,n0,m0,"stomach,adenocarcinoma,nototherwisespecified(nos)",0,female,no,r0,white,nothispanicorlatino,1090, 0
TCGA.IN.A6RS,76,stagei,t1,n0,m0,"stomach,adenocarcinoma,nototherwisespecified(nos)",0,male,no,r0,white,nothispanicorlatino, 383, 0
TCGA.RD.A8N5,78,stageiii,t3,n1,m0,"stomach,intestinaladenocarcinoma,mucinoustype",4,male,yes,r0,white,nothispanicorlatino,1747, 1
TCGA.SW.A7EA,61,stagei,t2,n0,m0,"stomach,adenocarcinoma,diffusetype",0,female,no,r0,white,nothispanicorlatino, 579, 0
TCGA.BR.8483,59,stageiii,t3,n2,m0,"stomach,intestinaladenocarcinoma,nototherwisespecified(nos)",4,male,no,r0,white,nothispanicorlatino, 164, 0
TCGA.HU.A4G6,74,stagei,t1,n0,m0,"stomach,intestinaladenocarcinoma,papillarytype",0,male,no,r0,asian,nothispanicorlatino, 738, 0
TCGA.BR.7715,65,stageii,t3,n0,m0,"stomach,adenocarcinoma,nototherwisespecified(nos)",0,male,no,r0,white,nothispanicorlatino,1023, 0
TCGA.IN.8462,80,stageii,t2,n1,m0,"stomach,adenocarcinoma,nototherwisespecified(nos)",2,male,no,r0,white,nothispanicorlatino, 572, 0
TCGA.RD.A8MW,72,stageiii,t3,n2,m0,"stomach,intestinaladenocarcinoma,nototherwisespecified(nos)",11,male,yes,r0,white,nothispanicorlatino,1153, 1
TCGA.HU.A4GT,71,stageii,t3,n0,m0,"stomach,intestinaladenocarcinoma,tubulartype",0,female,no,r0,asian,nothispanicorlatino, 198, 0
TCGA.MX.A5UG,78,stageiii,t3,n1,m0,"stomach,adenocarcinoma,diffusetype",2,male,no,r0,asian,nothispanicorlatino, 113, 1
TCGA.BR.6707,75,stageii,t3,n0,m0,"stomach,adenocarcinoma,nototherwisespecified(nos)",0,male,no,r0,white,nothispanicorlatino, 605, 1
TCGA.BR.8678,76,stagei,t2,n0,m0,"stomach,adenocarcinoma,nototherwisespecified(nos)",0,male,no,r0,white,nothispanicorlatino, 754, 0
TCGA.BR.8680,45,stageiv,t4,n2,m1,"stomach,intestinaladenocarcinoma,tubulartype",3,male,no,r0,asian,nothispanicorlatino, 972, 0
TCGA.D7.A6EV,71,stageii,t2,n2,m0,"stomach,adenocarcinoma,nototherwisespecified(nos)",3,female,no,r0,white,nothispanicorlatino, 342, 0
TCGA.BR.7958,60,stageiii,t4,n0,m0,"stomach,adenocarcinoma,nototherwisespecified(nos)",0,male,no,r0,white,nothispanicorlatino, 899, 0
TCGA.BR.A4CS,77,stageiii,t4,n3,m0,"stomach,adenocarcinoma,nototherwisespecified(nos)",7,male,no,r0,white,nothispanicorlatino,  45, 1
TCGA.MX.A5UJ,86,stageiii,t3,n2,m0,"stomach,intestinaladenocarcinoma,tubulartype",6,female,no,r0,white,nothispanicorlatino, 600, 0
TCGA.BR.8682,52,stageii,t4,n0,m0,"stomach,intestinaladenocarcinoma,mucinoustype",0,male,no,r0,asian,nothispanicorlatino, 991, 0
TCGA.D7.A747,57,stageii,t3,n1,m0,"stomach,adenocarcinoma,diffusetype",0,male,no,r0,white,nothispanicorlatino, 255, 1
TCGA.F1.A72C,68,stageii,t3,n0,m0,"stomach,intestinaladenocarcinoma,nototherwisespecified(nos)",0,male,no,r0,asian,nothispanicorlatino, 346, 0
TCGA.F1.A448,70,stageiii,t3,n3,m0,"stomach,intestinaladenocarcinoma,mucinoustype",18,male,yes,r0,white,hispanicorlatino, 647, 0
TCGA.F1.6874,79,stagei,t2,n0,m0,"stomach,intestinaladenocarcinoma,nototherwisespecified(nos)",0,male,no,r0,white,nothispanicorlatino, 440, 0
TCGA.BR.8588,55,stageii,t4,n0,m0,"stomach,adenocarcinoma,nototherwisespecified(nos)",0,female,no,r0,white,nothispanicorlatino, 389, 0
TCGA.D7.6817,63,stageiii,t2,n3,m0,"stomach,intestinaladenocarcinoma,tubulartype",20,male,yes,r0,white,nothispanicorlatino, 389, 0
TCGA.BR.A4J5,56,stageiii,t4,n1,m0,"stomach,intestinaladenocarcinoma,mucinoustype",1,male,no,r0,asian,nothispanicorlatino, 862, 0
TCGA.D7.6528,70,stagei,t2,n0,m0,"stomach,intestinaladenocarcinoma,tubulartype",0,female,no,r0,white,nothispanicorlatino, 463, 0
TCGA.BR.A4PE,68,stagei,t2,n0,m0,"stomach,adenocarcinoma,nototherwisespecified(nos)",0,female,no,r0,white,nothispanicorlatino, 621, 0
TCGA.BR.6563,60,stageii,t3,n1,m0,"stomach,adenocarcinoma,nototherwisespecified(nos)",1,male,no,r0,white,nothispanicorlatino,1190, 0
TCGA.BR.7197,69,stageii,t3,n0,m0,"stomach,adenocarcinoma,nototherwisespecified(nos)",0,male,no,r0,white,nothispanicorlatino, 280, 0
TCGA.BR.6458,57,stageii,t3,n1,m0,"stomach,adenocarcinoma,nototherwisespecified(nos)",1,female,no,r0,white,nothispanicorlatino, 588, 1
TCGA.D7.5577,53,stageiii,t2,n3,m0,"stomach,intestinaladenocarcinoma,tubulartype",19,female,no,r0,white,nothispanicorlatino, 782, 1
TCGA.D7.A4YX,63,stageii,t3,n1,m0,"stomach,adenocarcinoma,nototherwisespecified(nos)",1,male,no,r0,white,nothispanicorlatino,1108, 0
TCGA.D7.8575,75,stageiii,t3,n2,m0,"stomach,intestinaladenocarcinoma,tubulartype",6,male,no,r0,white,nothispanicorlatino, 554, 1
TCGA.HU.8608,70,stageiii,t4,n2,m0,"stomach,adenocarcinoma,diffusetype",4,male,yes,r0,asian,nothispanicorlatino, 641, 0
TCGA.D7.A4YV,69,stageii,t3,n1,m0,"stomach,intestinaladenocarcinoma,tubulartype",2,female,no,r0,white,nothispanicorlatino, 180, 1
TCGA.BR.6564,46,stageiii,t3,n2,m0,"stomach,adenocarcinoma,diffusetype",3,female,no,r0,white,nothispanicorlatino, 794, 1
TCGA.HU.A4GN,61,stageii,t2,n1,m0,"stomach,intestinaladenocarcinoma,tubulartype",1,male,no,r0,asian,nothispanicorlatino, 912, 0
TCGA.BR.7723,59,stageiii,t3,n3,m0,"stomach,adenocarcinoma,nototherwisespecified(nos)",8,male,no,r0,white,nothispanicorlatino, 874, 1
TCGA.BR.8365,70,stageii,t3,n0,m0,"stomach,adenocarcinoma,nototherwisespecified(nos)",0,female,no,r0,white,nothispanicorlatino, 533, 1
TCGA.HU.8602,58,stageii,t4,n0,m0,"stomach,adenocarcinoma,diffusetype",0,female,no,r0,asian,nothispanicorlatino, 679, 0
TCGA.D7.6524,53,stageii,t2,n1,m0,"stomach,adenocarcinoma,diffusetype",6,male,no,r1,white,nothispanicorlatino, 543, 0
TCGA.MX.A663,66,stageii,t3,n0,m0,"stomach,adenocarcinoma,nototherwisespecified(nos)",0,male,no,r0,white,nothispanicorlatino, 300, 1
TCGA.BR.A4PF,72,stageiii,t4,n2,m0,"stomach,adenocarcinoma,nototherwisespecified(nos)",3,male,no,r0,white,nothispanicorlatino,  35, 0
TCGA.BR.8486,90,stagei,t1,n0,m0,"stomach,adenocarcinoma,nototherwisespecified(nos)",0,female,no,r0,white,nothispanicorlatino, 615, 0
TCGA.BR.6457,69,stageii,t3,n0,m0,"stomach,adenocarcinoma,nototherwisespecified(nos)",0,male,no,r0,white,nothispanicorlatino, 416, 0
TCGA.IN.A6RI,45,stagei,t1,n0,m0,"stomach,adenocarcinoma,nototherwisespecified(nos)",0,male,no,r0,white,nothispanicorlatino, 559, 0
TCGA.HU.A4H6,72,stageiii,t3,n2,m0,"stomach,intestinaladenocarcinoma,tubulartype",3,female,no,r0,asian,nothispanicorlatino, 644, 0
TCGA.BR.7959,59,stageiii,t4,n1,m0,"stomach,intestinaladenocarcinoma,mucinoustype",1,male,no,r0,white,nothispanicorlatino,1010, 0
TCGA.BR.8369,76,stageiii,t3,n3,m0,"stomach,adenocarcinoma,nototherwisespecified(nos)",7,female,no,r0,white,nothispanicorlatino, 427, 0
TCGA.HU.8243,66,stageiii,t4,n3,m0,"stomach,intestinaladenocarcinoma,tubulartype",57,male,no,r0,asian,nothispanicorlatino, 180, 1
TCGA.CD.8525,82,stageiii,t3,n1,m0,"stomach,intestinaladenocarcinoma,mucinoustype",2,female,yes,r0,asian,nothispanicorlatino, 383, 0
TCGA.D7.6520,53,stageiii,t2,n2,m0,"stomach,intestinaladenocarcinoma,tubulartype",14,male,no,r0,white,nothispanicorlatino, 573, 0
TCGA.BR.A452,57,stageiii,t4,n1,m0,"stomach,intestinaladenocarcinoma,tubulartype",2,male,no,r0,asian,nothispanicorlatino, 229, 1
TCGA.D7.A4YU,73,stageiii,t3,n3,m0,"stomach,intestinaladenocarcinoma,tubulartype",25,male,no,r0,white,nothispanicorlatino, 500, 0
TCGA.BR.8686,69,stageiii,t4,n1,m0,"stomach,intestinaladenocarcinoma,tubulartype",2,male,no,r0,asian,nothispanicorlatino, 635, 1
TCGA.BR.8060,75,stageii,t2,n2,m0,"stomach,adenocarcinoma,nototherwisespecified(nos)",4,female,no,r0,white,nothispanicorlatino, 348, 1
TCGA.BR.8058,53,stageiii,t4,n2,m0,"stomach,adenocarcinoma,nototherwisespecified(nos)",3,female,no,r0,white,nothispanicorlatino,1133, 0
TCGA.HU.A4GU,73,stageii,t3,n1,m0,"stomach,adenocarcinoma,diffusetype",2,male,no,r0,asian,nothispanicorlatino, 200, 0
TCGA.BR.8367,55,stageiii,t3,n3,m0,"stomach,adenocarcinoma,nototherwisespecified(nos)",9,male,no,r0,white,nothispanicorlatino, 801, 1
TCGA.BR.8364,42,stageiii,t4,n2,m0,"stomach,adenocarcinoma,diffusetype",3,female,no,r0,white,nothispanicorlatino, 675, 0
TCGA.BR.A4PD,72,stageii,t4,n0,m0,"stomach,adenocarcinoma,nototherwisespecified(nos)",0,female,no,r0,white,nothispanicorlatino, 628, 0
TCGA.CD.A487,51,stageii,t3,n1,m0,"stomach,adenocarcinoma,diffusetype",1,male,no,r0,asian,nothispanicorlatino, 374, 0
TCGA.D7.6522,58,stagei,t2,n0,m0,"stomach,adenocarcinoma,diffusetype",0,male,no,r0,white,nothispanicorlatino, 566, 0
TCGA.D7.6818,53,stageiii,t2,n3,m0,"stomach,adenocarcinoma,diffusetype",11,male,yes,r0,white,nothispanicorlatino, 376, 1
TCGA.IN.7806,50,stageii,t3,n1,m0,"stomach,adenocarcinoma,diffusetype",2,male,no,r0,white,nothispanicorlatino,1106, 0
TCGA.BR.8384,69,stageiii,t4,n2,m0,"stomach,adenocarcinoma,nototherwisespecified(nos)",6,male,no,r0,white,nothispanicorlatino, 113, 0
TCGA.D7.A74A,61,stageiii,t3,n2,m0,"stomach,intestinaladenocarcinoma,tubulartype",4,female,no,r0,white,nothispanicorlatino, 607, 0
TCGA.HU.A4GX,70,stageiii,t4,n2,m0,"stomach,adenocarcinoma,diffusetype",6,female,no,r0,asian,nothispanicorlatino, 616, 0
TCGA.BR.A44T,53,stageii,t3,n0,m0,"stomach,adenocarcinoma,diffusetype",0,female,no,r0,white,nothispanicorlatino,1038, 0
TCGA.BR.A4QM,65,stageiii,t3,n2,m0,"stomach,adenocarcinoma,nototherwisespecified(nos)",6,male,no,r0,white,nothispanicorlatino, 156, 0
TCGA.BR.6452,78,stageii,t3,n0,m0,"stomach,adenocarcinoma,nototherwisespecified(nos)",0,female,no,r0,white,nothispanicorlatino,1055, 0
TCGA.BR.A4QI,70,stageii,t3,n0,m0,"stomach,adenocarcinoma,nototherwisespecified(nos)",0,female,no,r0,white,nothispanicorlatino, 652, 1
TCGA.HU.A4GJ,60,stageiii,t4,n3,m0,"stomach,adenocarcinoma,diffusetype",14,female,no,r0,asian,nothispanicorlatino, 650, 0
TCGA.HU.A4G9,67,stagei,t1,n0,m0,"stomach,intestinaladenocarcinoma,tubulartype",0,female,no,r0,asian,nothispanicorlatino, 736, 0
TCGA.BR.8297,58,stageiii,t4,n3,m0,"stomach,adenocarcinoma,diffusetype",11,male,no,r0,white,nothispanicorlatino, 225, 0
TCGA.BR.A4IZ,45,stageiii,t4,n2,m0,"stomach,adenocarcinoma,diffusetype",3,female,no,r0,asian,nothispanicorlatino, 273, 1
TCGA.RD.A8N6,78,stageiii,t2,n2,m0,"stomach,intestinaladenocarcinoma,nototherwisespecified(nos)",10,female,no,r0,white,nothispanicorlatino, 272, 1
TCGA.HU.A4G2,45,stageii,t3,n1,m0,"stomach,adenocarcinoma,diffusetype",2,male,no,r0,asian,nothispanicorlatino, 739, 0
TCGA.BR.A4J2,70,stageii,t4,n0,m0,"stomach,adenocarcinoma,diffusetype",0,male,no,r0,asian,nothispanicorlatino, 431, 0
TCGA.BR.7717,63,stageiv,t4,n1,m0,"stomach,adenocarcinoma,nototherwisespecified(nos)",2,male,no,r0,white,nothispanicorlatino, 552, 1
TCGA.D7.6518,75,stageiii,t2,n3,m0,"stomach,adenocarcinoma,diffusetype",17,male,no,r1,white,nothispanicorlatino, 582, 0
TCGA.HU.A4H0,72,stageiii,t4,n3,m0,"stomach,adenocarcinoma,diffusetype",49,male,no,r0,asian,nothispanicorlatino,  64, 0
TCGA.R5.A7ZI,44,stageiv,t4,n1,m1,"stomach,adenocarcinoma,diffusetype",0,female,no,r0,white,hispanicorlatino,2267, 0
TCGA.IN.AB1V,63,stagei,t1,n0,m0,"stomach,adenocarcinoma,nototherwisespecified(nos)",0,male,no,r0,white,nothispanicorlatino, 479, 0
TCGA.BR.6709,57,stageiii,t3,n3,m0,"stomach,adenocarcinoma,nototherwisespecified(nos)",15,female,no,r1,white,nothispanicorlatino, 370, 1
TCGA.D7.A4Z0,60,stageii,t2,n2,m0,"stomach,intestinaladenocarcinoma,mucinoustype",3,female,yes,r0,white,nothispanicorlatino, 449, 0
TCGA.D7.5578,80,stageiii,t3,n2,m0,"stomach,intestinaladenocarcinoma,tubulartype",6,male,no,r0,white,nothispanicorlatino, 385, 0
TCGA.HU.A4HD,73,stageiii,t3,n2,m0,"stomach,intestinaladenocarcinoma,tubulartype",3,male,no,r0,asian,nothispanicorlatino,1016, 0
TCGA.BR.8371,62,stageiii,t3,n3,m0,"stomach,adenocarcinoma,nototherwisespecified(nos)",10,male,no,r0,white,nothispanicorlatino, 359, 1
TCGA.CD.8526,73,stageiii,t3,n1,m0,"stomach,intestinaladenocarcinoma,nototherwisespecified(nos)",2,female,no,r0,asian,nothispanicorlatino, 381, 0
TCGA.FP.A4BE,55,stageii,t3,n0,m0,"stomach,adenocarcinoma,nototherwisespecified(nos)",0,male,yes,r0,blackorafricanamerican,nothispanicorlatino, 337, 0
TCGA.HU.A4H5,71,stagei,t2,n0,m0,"stomach,intestinaladenocarcinoma,papillarytype",0,male,no,r0,asian,nothispanicorlatino, 724, 0
TCGA.BR.8284,72,stageiii,t4,n3,m0,"stomach,intestinaladenocarcinoma,nototherwisespecified(nos)",9,female,no,r0,white,nothispanicorlatino, 245, 1
TCGA.HU.8604,82,stageii,t3,n0,m0,"stomach,intestinaladenocarcinoma,tubulartype",0,female,no,r0,asian,nothispanicorlatino, 694, 0
TCGA.D7.A6F2,62,stagei,t2,n0,m0,"stomach,intestinaladenocarcinoma,tubulartype",0,male,no,r0,white,nothispanicorlatino, 476, 0
TCGA.RD.A8N0,53,stageiii,t3,n2,m0,"stomach,adenocarcinoma,diffusetype",10,female,yes,r0,white,nothispanicorlatino,1236, 0
TCGA.BR.7957,50,stageiv,t3,n3,m1,"stomach,intestinaladenocarcinoma,nototherwisespecified(nos)",7,female,no,r0,white,nothispanicorlatino, 276, 1
TCGA.IN.A6RL,84,stageiii,t2,n1,m0,"stomach,adenocarcinoma,nototherwisespecified(nos)",5,male,no,r0,white,nothispanicorlatino, 406, 1
TCGA.SW.A7EB,45,stageiii,t3,n2,m0,"stomach,intestinaladenocarcinoma,mucinoustype",3,male,no,r0,white,nothispanicorlatino, 176, 0
TCGA.BR.8590,62,stageiii,t4,n2,m0,"stomach,adenocarcinoma,nototherwisespecified(nos)",5,male,no,r0,white,nothispanicorlatino, 284, 1
TCGA.D7.8579,66,stageii,t2,n2,m0,"stomach,intestinaladenocarcinoma,nototherwisespecified(nos)",4,female,yes,r0,white,nothispanicorlatino, 636, 0
